participant_id	age	sex	species	recording_institution	dandi_subject_id	lab_patient_code	same_participant_in	diagnosis	seizure_onset_zone	implant_type	n_sessions	paper_session_labels	recording_year	lfp_regions	lfp_hemispheres
sub-1	43	F	Homo sapiens	Cedars-Sinai Medical Center	1	P55CS	DANDI 000623 (NEMAR nm000357) sub-CS55	drug-resistant epilepsy	Right mesial temporal	Behnke-Fried hybrid macro-micro depth electrodes (Ad-Tech), microwires	2	P55cs,P55cs_2	2018	amygdala_left,amygdala_right,dorsal_anterior_cingulate_cortex_left,dorsal_anterior_cingulate_cortex_right,hippocampus_left,hippocampus_right,pre_supplementary_motor_area_left,pre_supplementary_motor_area_right,ventral_medial_prefrontal_cortex_left,ventral_medial_prefrontal_cortex_right	bilateral
sub-2	48	M	Homo sapiens	Cedars-Sinai Medical Center	2	P56CS	DANDI 000623 (NEMAR nm000357) sub-CS56	drug-resistant epilepsy	Bilateral mesial temporal + orbitofrontal	Behnke-Fried hybrid macro-micro depth electrodes (Ad-Tech), microwires	1	P56cs	2018	amygdala_left,amygdala_right,dorsal_anterior_cingulate_cortex_left,dorsal_anterior_cingulate_cortex_right,hippocampus_left,hippocampus_right,pre_supplementary_motor_area_left,ventral_medial_prefrontal_cortex_right	bilateral
sub-3	32	F	Homo sapiens	Cedars-Sinai Medical Center	3	P58CS	DANDI 000623 (NEMAR nm000357) sub-CS58	drug-resistant epilepsy	Right frontal neocortical	Behnke-Fried hybrid macro-micro depth electrodes (Ad-Tech), microwires	1	P58cs	2018	amygdala_left,amygdala_right,dorsal_anterior_cingulate_cortex_left,dorsal_anterior_cingulate_cortex_right,hippocampus_left,hippocampus_right,pre_supplementary_motor_area_left,pre_supplementary_motor_area_right,ventral_medial_prefrontal_cortex_left,ventral_medial_prefrontal_cortex_right	bilateral
sub-4	67	M	Homo sapiens	Cedars-Sinai Medical Center	4	P60CS	DANDI 000623 (NEMAR nm000357) sub-CS60	drug-resistant epilepsy	Left mesial temporal	Behnke-Fried hybrid macro-micro depth electrodes (Ad-Tech), microwires	1	P60cs	2018	amygdala_left,amygdala_right,dorsal_anterior_cingulate_cortex_left,dorsal_anterior_cingulate_cortex_right,hippocampus_left,hippocampus_right,pre_supplementary_motor_area_left,pre_supplementary_motor_area_right,ventral_medial_prefrontal_cortex_left,ventral_medial_prefrontal_cortex_right	bilateral
sub-5	52	F	Homo sapiens	Cedars-Sinai Medical Center	5	P61CS	DANDI 000940 (NEMAR nm000367) sub-2	drug-resistant epilepsy	Left mesial temporal	Behnke-Fried hybrid macro-micro depth electrodes (Ad-Tech), microwires	2	P61cs,P61cs_2	2019	amygdala_left,amygdala_right,dorsal_anterior_cingulate_cortex_left,dorsal_anterior_cingulate_cortex_right,hippocampus_right,pre_supplementary_motor_area_left,pre_supplementary_motor_area_right,ventral_medial_prefrontal_cortex_left,ventral_medial_prefrontal_cortex_right	bilateral
sub-6	25	F	Homo sapiens	Cedars-Sinai Medical Center	6	P62CS	DANDI 000940 (NEMAR nm000367) sub-8; DANDI 000623 (NEMAR nm000357) sub-CS62	drug-resistant epilepsy	Left mesial temporal	Behnke-Fried hybrid macro-micro depth electrodes (Ad-Tech), microwires	1	P62cs	2019	amygdala_right,dorsal_anterior_cingulate_cortex_right,pre_supplementary_motor_area_right,ventral_medial_prefrontal_cortex_left	bilateral
sub-7	63	F	Homo sapiens	Cedars-Sinai Medical Center	7	P64CS	DANDI 000940 (NEMAR nm000367) sub-12	drug-resistant epilepsy	Right lateral temporal neocortical	Behnke-Fried hybrid macro-micro depth electrodes (Ad-Tech), microwires	1	P64cs	2019	amygdala_left,dorsal_anterior_cingulate_cortex_left,dorsal_anterior_cingulate_cortex_right,hippocampus_left,pre_supplementary_motor_area_left,pre_supplementary_motor_area_right,ventral_medial_prefrontal_cortex_left,ventral_medial_prefrontal_cortex_right	bilateral
sub-8	55	F	Homo sapiens	Cedars-Sinai Medical Center	8	P65CS	DANDI 000940 (NEMAR nm000367) sub-13	drug-resistant epilepsy	Bilateral independent temporal	Behnke-Fried hybrid macro-micro depth electrodes (Ad-Tech), microwires	1	P65cs	2020	amygdala_left,dorsal_anterior_cingulate_cortex_left,dorsal_anterior_cingulate_cortex_right,pre_supplementary_motor_area_left,pre_supplementary_motor_area_right,ventral_medial_prefrontal_cortex_left	bilateral
sub-9	38	F	Homo sapiens	Cedars-Sinai Medical Center	9	P67CS	n/a	drug-resistant epilepsy	Bilateral mesial temporal	Behnke-Fried hybrid macro-micro depth electrodes (Ad-Tech), microwires	1	P67cs	2020	amygdala_left,amygdala_right,dorsal_anterior_cingulate_cortex_right,hippocampus_left,hippocampus_right,pre_supplementary_motor_area_left,pre_supplementary_motor_area_right,ventral_medial_prefrontal_cortex_left,ventral_medial_prefrontal_cortex_right	bilateral
sub-10	54	M	Homo sapiens	Cedars-Sinai Medical Center	10	P68CS	n/a	drug-resistant epilepsy	Bilateral mesial temporal	Behnke-Fried hybrid macro-micro depth electrodes (Ad-Tech), microwires	1	P68cs	2020	amygdala_right,dorsal_anterior_cingulate_cortex_left,dorsal_anterior_cingulate_cortex_right,pre_supplementary_motor_area_left,pre_supplementary_motor_area_right,ventral_medial_prefrontal_cortex_left,ventral_medial_prefrontal_cortex_right	bilateral
sub-11	41	F	Homo sapiens	Cedars-Sinai Medical Center	11	P69CS	n/a	drug-resistant epilepsy	Not localized	Behnke-Fried hybrid macro-micro depth electrodes (Ad-Tech), microwires	1	P69cs	2020	amygdala_left,amygdala_right,dorsal_anterior_cingulate_cortex_left,dorsal_anterior_cingulate_cortex_right,hippocampus_left,hippocampus_right,pre_supplementary_motor_area_left,ventral_medial_prefrontal_cortex_left,ventral_medial_prefrontal_cortex_right	bilateral
sub-12	30	F	Homo sapiens	Cedars-Sinai Medical Center	12	P70CS	n/a	drug-resistant epilepsy	Right temporal	Behnke-Fried hybrid macro-micro depth electrodes (Ad-Tech), microwires	2	P70cs,P70cs_2	2020	amygdala_left,dorsal_anterior_cingulate_cortex_left,dorsal_anterior_cingulate_cortex_right,hippocampus_left,pre_supplementary_motor_area_left,pre_supplementary_motor_area_right,ventral_medial_prefrontal_cortex_left,ventral_medial_prefrontal_cortex_right	bilateral
sub-13	40	M	Homo sapiens	Cedars-Sinai Medical Center	13	P71CS	n/a	drug-resistant epilepsy	Not localized	Behnke-Fried hybrid macro-micro depth electrodes (Ad-Tech), microwires	1	P71cs	2020	amygdala_left,amygdala_right,dorsal_anterior_cingulate_cortex_left,dorsal_anterior_cingulate_cortex_right,hippocampus_left,hippocampus_right,pre_supplementary_motor_area_left,pre_supplementary_motor_area_right,ventral_medial_prefrontal_cortex_left,ventral_medial_prefrontal_cortex_right	bilateral
sub-14	25	F	Homo sapiens	Cedars-Sinai Medical Center	14	P72CS	n/a	drug-resistant epilepsy	Not localized, bilateral independent	Behnke-Fried hybrid macro-micro depth electrodes (Ad-Tech), microwires	1	P72cs	2021	amygdala_left,dorsal_anterior_cingulate_cortex_left,dorsal_anterior_cingulate_cortex_right,pre_supplementary_motor_area_left,pre_supplementary_motor_area_right,ventral_medial_prefrontal_cortex_left,ventral_medial_prefrontal_cortex_right	bilateral
sub-15	58	F	Homo sapiens	Cedars-Sinai Medical Center	15	P73CS	n/a	drug-resistant epilepsy	Left mesial temporal	Behnke-Fried hybrid macro-micro depth electrodes (Ad-Tech), microwires	1	P73cs	2021	amygdala_left,amygdala_right,dorsal_anterior_cingulate_cortex_left,dorsal_anterior_cingulate_cortex_right,hippocampus_left,hippocampus_right,pre_supplementary_motor_area_left,pre_supplementary_motor_area_right,ventral_medial_prefrontal_cortex_left,ventral_medial_prefrontal_cortex_right	bilateral
sub-16	24	F	Homo sapiens	Cedars-Sinai Medical Center	16	P76CS	n/a	drug-resistant epilepsy	Not localized	Behnke-Fried hybrid macro-micro depth electrodes (Ad-Tech), microwires	1	P76cs	2021	amygdala_left,amygdala_right,dorsal_anterior_cingulate_cortex_left,dorsal_anterior_cingulate_cortex_right,hippocampus_left,hippocampus_right,pre_supplementary_motor_area_left,pre_supplementary_motor_area_right,ventral_medial_prefrontal_cortex_right	bilateral
sub-17	46	F	Homo sapiens	Cedars-Sinai Medical Center	17	P77CS	n/a	drug-resistant epilepsy	Right auditory cortex	Behnke-Fried hybrid macro-micro depth electrodes (Ad-Tech), microwires	1	P77cs	2021	amygdala_left,amygdala_right,hippocampus_left,hippocampus_right,pre_supplementary_motor_area_left,pre_supplementary_motor_area_right,ventral_medial_prefrontal_cortex_left,ventral_medial_prefrontal_cortex_right	bilateral
sub-18	54	F	Homo sapiens	Cedars-Sinai Medical Center	18	P78CS	n/a	drug-resistant epilepsy	Right anterior temporal	Behnke-Fried hybrid macro-micro depth electrodes (Ad-Tech), microwires	1	P78cs	2022	amygdala_right,hippocampus_right	right
sub-19	42	F	Homo sapiens	Cedars-Sinai Medical Center	19	P79CS	n/a	drug-resistant epilepsy	Right anterior lateral temporal neocortex	Behnke-Fried hybrid macro-micro depth electrodes (Ad-Tech), microwires	2	P79cs,P79cs_2	2022	amygdala_right,dorsal_anterior_cingulate_cortex_left,dorsal_anterior_cingulate_cortex_right,hippocampus_right,pre_supplementary_motor_area_left,pre_supplementary_motor_area_right,ventral_medial_prefrontal_cortex_left,ventral_medial_prefrontal_cortex_right	bilateral
sub-21	45	F	Homo sapiens	Cedars-Sinai Medical Center	21	P089TWH	n/a	drug-resistant epilepsy	Right frontal	Behnke-Fried hybrid macro-micro depth electrodes (Ad-Tech), microwires	1	P89T	2018	amygdala_left,amygdala_right,dorsal_anterior_cingulate_cortex_left,dorsal_anterior_cingulate_cortex_right,hippocampus_left,hippocampus_right	bilateral
sub-22	20	M	Homo sapiens	Cedars-Sinai Medical Center	22	P090TWH	n/a	drug-resistant epilepsy	Occipital cortex	Behnke-Fried hybrid macro-micro depth electrodes (Ad-Tech), microwires	3	P90T,P90T_2,P90T_3	2018	amygdala_left,amygdala_right,hippocampus_left,hippocampus_right	bilateral
sub-23	59	F	Homo sapiens	Cedars-Sinai Medical Center	23	P091TWH	n/a	drug-resistant epilepsy	Left cingulate cortex + insula + orbitofrontal	Behnke-Fried hybrid macro-micro depth electrodes (Ad-Tech), microwires	1	P91T	2018	amygdala_left,dorsal_anterior_cingulate_cortex_left,hippocampus_left,ventral_medial_prefrontal_cortex_right	bilateral
sub-24	23	M	Homo sapiens	Cedars-Sinai Medical Center	24	P093TWH	n/a	drug-resistant epilepsy	Left mesial temporal	Behnke-Fried hybrid macro-micro depth electrodes (Ad-Tech), microwires	1	P93T	2018	dorsal_anterior_cingulate_cortex_left,hippocampus_right	bilateral
sub-25	58	F	Homo sapiens	Cedars-Sinai Medical Center	25	P096TWH	n/a	drug-resistant epilepsy	Bilateral mesial temporal	Behnke-Fried hybrid macro-micro depth electrodes (Ad-Tech), microwires	1	P96T	2018	amygdala_left,amygdala_right	bilateral
sub-26	25	F	Homo sapiens	Cedars-Sinai Medical Center	26	P101TWH	DANDI 000940 (NEMAR nm000367) sub-3	drug-resistant epilepsy	Left neocortical temporal	Behnke-Fried hybrid macro-micro depth electrodes (Ad-Tech), microwires	2	P101T,P101T_2	2018	amygdala_left,amygdala_right,hippocampus_left,hippocampus_right	bilateral
sub-27	49	M	Homo sapiens	Cedars-Sinai Medical Center	27	P103TWH	DANDI 000940 (NEMAR nm000367) sub-4	drug-resistant epilepsy	Right mesial temporal	Behnke-Fried hybrid macro-micro depth electrodes (Ad-Tech), microwires	1	P103T	2018	amygdala_right,dorsal_anterior_cingulate_cortex_right,hippocampus_right,ventral_medial_prefrontal_cortex_left	bilateral
sub-28	26	M	Homo sapiens	Cedars-Sinai Medical Center	28	P106TWH	n/a	drug-resistant epilepsy	Multifocal	Behnke-Fried hybrid macro-micro depth electrodes (Ad-Tech), microwires	1	P106T	2018	amygdala_right,hippocampus_left,hippocampus_right	bilateral
sub-29	28	M	Homo sapiens	Cedars-Sinai Medical Center	29	P109TWH	DANDI 000940 (NEMAR nm000367) sub-5	drug-resistant epilepsy	Multifocal	Behnke-Fried hybrid macro-micro depth electrodes (Ad-Tech), microwires	1	P109T	2019	amygdala_left,amygdala_right,dorsal_anterior_cingulate_cortex_left,dorsal_anterior_cingulate_cortex_right,hippocampus_left,hippocampus_right,ventral_medial_prefrontal_cortex_left	bilateral
sub-30	38	M	Homo sapiens	Cedars-Sinai Medical Center	30	P110TWH	DANDI 000940 (NEMAR nm000367) sub-6	drug-resistant epilepsy	Right fusiform cortex	Behnke-Fried hybrid macro-micro depth electrodes (Ad-Tech), microwires	1	P110T	2019	amygdala_left,amygdala_right,hippocampus_left,hippocampus_right	bilateral
sub-31	36	M	Homo sapiens	Cedars-Sinai Medical Center	31	P113TWH	DANDI 000940 (NEMAR nm000367) sub-9	drug-resistant epilepsy	Right mesial temporal	Behnke-Fried hybrid macro-micro depth electrodes (Ad-Tech), microwires	2	P113T,P113T_2	2019	amygdala_left,amygdala_right,hippocampus_left,hippocampus_right	bilateral
sub-32	28	M	Homo sapiens	Cedars-Sinai Medical Center	32	P116TWH	n/a	drug-resistant epilepsy	Left amygdala	Behnke-Fried hybrid macro-micro depth electrodes (Ad-Tech), microwires	1	P116T	2019	amygdala_left,amygdala_right,dorsal_anterior_cingulate_cortex_left,dorsal_anterior_cingulate_cortex_right,hippocampus_left,ventral_medial_prefrontal_cortex_right	bilateral
sub-33	25	F	Homo sapiens	Cedars-Sinai Medical Center	33	P129TWH	n/a	drug-resistant epilepsy	Bilateral mesial temporal	Behnke-Fried hybrid macro-micro depth electrodes (Ad-Tech), microwires	1	P129T	2020	amygdala_left,amygdala_right,hippocampus_left,hippocampus_right	bilateral
sub-34	62	M	Homo sapiens	Cedars-Sinai Medical Center	34	P1802JHU	n/a	drug-resistant epilepsy	Right mesial temporal	Behnke-Fried hybrid macro-micro depth electrodes (Ad-Tech), microwires	1	P1802jh	2018	hippocampus_left,hippocampus_right	bilateral
sub-35	45	M	Homo sapiens	Cedars-Sinai Medical Center	35	P1809JHU	n/a	drug-resistant epilepsy	Left inferior + middle frontal gyrus	Behnke-Fried hybrid macro-micro depth electrodes (Ad-Tech), microwires	1	P1809jh	2018	hippocampus_left	left
sub-36	27	F	Homo sapiens	Cedars-Sinai Medical Center	36	P1811JHU	n/a	drug-resistant epilepsy	Bilateral mesial temporal	Behnke-Fried hybrid macro-micro depth electrodes (Ad-Tech), microwires	1	P1811jh	2018	hippocampus_left	left
