name	x	y	z	size	location	source_origChannel
NLX-microwires-129	-0.74	24.51	27.06	n/a	dorsal_anterior_cingulate_cortex_left	129.0
NLX-microwires-130	-0.74	24.51	27.06	n/a	dorsal_anterior_cingulate_cortex_left	130.0
NLX-microwires-131	-0.74	24.51	27.06	n/a	dorsal_anterior_cingulate_cortex_left	131.0
NLX-microwires-133	-0.74	24.51	27.06	n/a	dorsal_anterior_cingulate_cortex_left	133.0
NLX-microwires-134	-0.74	24.51	27.06	n/a	dorsal_anterior_cingulate_cortex_left	134.0
NLX-microwires-135	-0.74	24.51	27.06	n/a	dorsal_anterior_cingulate_cortex_left	135.0
NLX-microwires-136	-0.74	24.51	27.06	n/a	dorsal_anterior_cingulate_cortex_left	136.0
NLX-microwires-137	-8.83	12.66	46.67	n/a	pre_supplementary_motor_area_left	137.0
NLX-microwires-139	-8.83	12.66	46.67	n/a	pre_supplementary_motor_area_left	139.0
NLX-microwires-140	-8.83	12.66	46.67	n/a	pre_supplementary_motor_area_left	140.0
NLX-microwires-141	-8.83	12.66	46.67	n/a	pre_supplementary_motor_area_left	141.0
NLX-microwires-142	-8.83	12.66	46.67	n/a	pre_supplementary_motor_area_left	142.0
NLX-microwires-143	-8.83	12.66	46.67	n/a	pre_supplementary_motor_area_left	143.0
NLX-microwires-144	-8.83	12.66	46.67	n/a	pre_supplementary_motor_area_left	144.0
NLX-microwires-145	-13.2	-8.71	-18.01	n/a	amygdala_left	145.0
NLX-microwires-146	-13.2	-8.71	-18.01	n/a	amygdala_left	146.0
NLX-microwires-147	-13.2	-8.71	-18.01	n/a	amygdala_left	147.0
NLX-microwires-150	-13.2	-8.71	-18.01	n/a	amygdala_left	150.0
NLX-microwires-151	-13.2	-8.71	-18.01	n/a	amygdala_left	151.0
NLX-microwires-152	-13.2	-8.71	-18.01	n/a	amygdala_left	152.0
NLX-microwires-153	-20.42	-24.85	-12.02	n/a	hippocampus_left	153.0
NLX-microwires-154	-20.42	-24.85	-12.02	n/a	hippocampus_left	154.0
NLX-microwires-155	-20.42	-24.85	-12.02	n/a	hippocampus_left	155.0
NLX-microwires-156	-20.42	-24.85	-12.02	n/a	hippocampus_left	156.0
NLX-microwires-158	-20.42	-24.85	-12.02	n/a	hippocampus_left	158.0
NLX-microwires-159	-20.42	-24.85	-12.02	n/a	hippocampus_left	159.0
NLX-microwires-160	-20.42	-24.85	-12.02	n/a	hippocampus_left	160.0
NLX-microwires-161	5.1	24.02	26.23	n/a	dorsal_anterior_cingulate_cortex_right	161.0
NLX-microwires-162	5.1	24.02	26.23	n/a	dorsal_anterior_cingulate_cortex_right	162.0
NLX-microwires-163	5.1	24.02	26.23	n/a	dorsal_anterior_cingulate_cortex_right	163.0
NLX-microwires-165	5.1	24.02	26.23	n/a	dorsal_anterior_cingulate_cortex_right	165.0
NLX-microwires-166	5.1	24.02	26.23	n/a	dorsal_anterior_cingulate_cortex_right	166.0
NLX-microwires-167	5.1	24.02	26.23	n/a	dorsal_anterior_cingulate_cortex_right	167.0
NLX-microwires-168	5.1	24.02	26.23	n/a	dorsal_anterior_cingulate_cortex_right	168.0
NLX-microwires-169	11.13	11.6	48.62	n/a	pre_supplementary_motor_area_right	169.0
NLX-microwires-170	11.13	11.6	48.62	n/a	pre_supplementary_motor_area_right	170.0
NLX-microwires-171	11.13	11.6	48.62	n/a	pre_supplementary_motor_area_right	171.0
NLX-microwires-173	11.13	11.6	48.62	n/a	pre_supplementary_motor_area_right	173.0
NLX-microwires-174	11.13	11.6	48.62	n/a	pre_supplementary_motor_area_right	174.0
NLX-microwires-175	11.13	11.6	48.62	n/a	pre_supplementary_motor_area_right	175.0
NLX-microwires-176	11.13	11.6	48.62	n/a	pre_supplementary_motor_area_right	176.0
NLX-microwires-201	-1.11	28.54	-4.85	n/a	ventral_medial_prefrontal_cortex_right	201.0
NLX-microwires-202	-1.11	28.54	-4.85	n/a	ventral_medial_prefrontal_cortex_right	202.0
NLX-microwires-203	-1.11	28.54	-4.85	n/a	ventral_medial_prefrontal_cortex_right	203.0
NLX-microwires-204	-1.11	28.54	-4.85	n/a	ventral_medial_prefrontal_cortex_right	204.0
NLX-microwires-206	-1.11	28.54	-4.85	n/a	ventral_medial_prefrontal_cortex_right	206.0
NLX-microwires-217	10.24	31.22	-2.87	n/a	ventral_medial_prefrontal_cortex_left	217.0
NLX-microwires-218	10.24	31.22	-2.87	n/a	ventral_medial_prefrontal_cortex_left	218.0
NLX-microwires-220	10.24	31.22	-2.87	n/a	ventral_medial_prefrontal_cortex_left	220.0
NLX-microwires-221	10.24	31.22	-2.87	n/a	ventral_medial_prefrontal_cortex_left	221.0
NLX-microwires-222	10.24	31.22	-2.87	n/a	ventral_medial_prefrontal_cortex_left	222.0
NLX-microwires-223	10.24	31.22	-2.87	n/a	ventral_medial_prefrontal_cortex_left	223.0
NLX-microwires-224	10.24	31.22	-2.87	n/a	ventral_medial_prefrontal_cortex_left	224.0
