name	type	units	low_cutoff	high_cutoff	sampling_frequency	group	description	source_origChannel	source_electrode_row
NLX-microwires-129	SEEG	µV	n/a	n/a	400	dorsal_anterior_cingulate_cortex_left	Microwire local field potential: one microwire of the Behnke-Fried micro inner-wire bundle (8 microwires per hybrid depth electrode, Ad-Tech Medical), locally referenced within the bundle; LFP series acquisition/LFPs of the source NWB (spike potentials removed and downsampled to 400 Hz by the authors)	129.0	0
NLX-microwires-130	SEEG	µV	n/a	n/a	400	dorsal_anterior_cingulate_cortex_left	Microwire local field potential: one microwire of the Behnke-Fried micro inner-wire bundle (8 microwires per hybrid depth electrode, Ad-Tech Medical), locally referenced within the bundle; LFP series acquisition/LFPs of the source NWB (spike potentials removed and downsampled to 400 Hz by the authors)	130.0	1
NLX-microwires-131	SEEG	µV	n/a	n/a	400	dorsal_anterior_cingulate_cortex_left	Microwire local field potential: one microwire of the Behnke-Fried micro inner-wire bundle (8 microwires per hybrid depth electrode, Ad-Tech Medical), locally referenced within the bundle; LFP series acquisition/LFPs of the source NWB (spike potentials removed and downsampled to 400 Hz by the authors)	131.0	2
NLX-microwires-132	SEEG	µV	n/a	n/a	400	dorsal_anterior_cingulate_cortex_left	Microwire local field potential: one microwire of the Behnke-Fried micro inner-wire bundle (8 microwires per hybrid depth electrode, Ad-Tech Medical), locally referenced within the bundle; LFP series acquisition/LFPs of the source NWB (spike potentials removed and downsampled to 400 Hz by the authors)	132.0	3
NLX-microwires-134	SEEG	µV	n/a	n/a	400	dorsal_anterior_cingulate_cortex_left	Microwire local field potential: one microwire of the Behnke-Fried micro inner-wire bundle (8 microwires per hybrid depth electrode, Ad-Tech Medical), locally referenced within the bundle; LFP series acquisition/LFPs of the source NWB (spike potentials removed and downsampled to 400 Hz by the authors)	134.0	4
NLX-microwires-135	SEEG	µV	n/a	n/a	400	dorsal_anterior_cingulate_cortex_left	Microwire local field potential: one microwire of the Behnke-Fried micro inner-wire bundle (8 microwires per hybrid depth electrode, Ad-Tech Medical), locally referenced within the bundle; LFP series acquisition/LFPs of the source NWB (spike potentials removed and downsampled to 400 Hz by the authors)	135.0	5
NLX-microwires-136	SEEG	µV	n/a	n/a	400	dorsal_anterior_cingulate_cortex_left	Microwire local field potential: one microwire of the Behnke-Fried micro inner-wire bundle (8 microwires per hybrid depth electrode, Ad-Tech Medical), locally referenced within the bundle; LFP series acquisition/LFPs of the source NWB (spike potentials removed and downsampled to 400 Hz by the authors)	136.0	6
NLX-microwires-137	SEEG	µV	n/a	n/a	400	pre_supplementary_motor_area_left	Microwire local field potential: one microwire of the Behnke-Fried micro inner-wire bundle (8 microwires per hybrid depth electrode, Ad-Tech Medical), locally referenced within the bundle; LFP series acquisition/LFPs of the source NWB (spike potentials removed and downsampled to 400 Hz by the authors)	137.0	7
NLX-microwires-138	SEEG	µV	n/a	n/a	400	pre_supplementary_motor_area_left	Microwire local field potential: one microwire of the Behnke-Fried micro inner-wire bundle (8 microwires per hybrid depth electrode, Ad-Tech Medical), locally referenced within the bundle; LFP series acquisition/LFPs of the source NWB (spike potentials removed and downsampled to 400 Hz by the authors)	138.0	8
NLX-microwires-139	SEEG	µV	n/a	n/a	400	pre_supplementary_motor_area_left	Microwire local field potential: one microwire of the Behnke-Fried micro inner-wire bundle (8 microwires per hybrid depth electrode, Ad-Tech Medical), locally referenced within the bundle; LFP series acquisition/LFPs of the source NWB (spike potentials removed and downsampled to 400 Hz by the authors)	139.0	9
NLX-microwires-141	SEEG	µV	n/a	n/a	400	pre_supplementary_motor_area_left	Microwire local field potential: one microwire of the Behnke-Fried micro inner-wire bundle (8 microwires per hybrid depth electrode, Ad-Tech Medical), locally referenced within the bundle; LFP series acquisition/LFPs of the source NWB (spike potentials removed and downsampled to 400 Hz by the authors)	141.0	10
NLX-microwires-142	SEEG	µV	n/a	n/a	400	pre_supplementary_motor_area_left	Microwire local field potential: one microwire of the Behnke-Fried micro inner-wire bundle (8 microwires per hybrid depth electrode, Ad-Tech Medical), locally referenced within the bundle; LFP series acquisition/LFPs of the source NWB (spike potentials removed and downsampled to 400 Hz by the authors)	142.0	11
NLX-microwires-143	SEEG	µV	n/a	n/a	400	pre_supplementary_motor_area_left	Microwire local field potential: one microwire of the Behnke-Fried micro inner-wire bundle (8 microwires per hybrid depth electrode, Ad-Tech Medical), locally referenced within the bundle; LFP series acquisition/LFPs of the source NWB (spike potentials removed and downsampled to 400 Hz by the authors)	143.0	12
NLX-microwires-144	SEEG	µV	n/a	n/a	400	pre_supplementary_motor_area_left	Microwire local field potential: one microwire of the Behnke-Fried micro inner-wire bundle (8 microwires per hybrid depth electrode, Ad-Tech Medical), locally referenced within the bundle; LFP series acquisition/LFPs of the source NWB (spike potentials removed and downsampled to 400 Hz by the authors)	144.0	13
NLX-microwires-145	SEEG	µV	n/a	n/a	400	amygdala_left	Microwire local field potential: one microwire of the Behnke-Fried micro inner-wire bundle (8 microwires per hybrid depth electrode, Ad-Tech Medical), locally referenced within the bundle; LFP series acquisition/LFPs of the source NWB (spike potentials removed and downsampled to 400 Hz by the authors)	145.0	14
NLX-microwires-146	SEEG	µV	n/a	n/a	400	amygdala_left	Microwire local field potential: one microwire of the Behnke-Fried micro inner-wire bundle (8 microwires per hybrid depth electrode, Ad-Tech Medical), locally referenced within the bundle; LFP series acquisition/LFPs of the source NWB (spike potentials removed and downsampled to 400 Hz by the authors)	146.0	15
NLX-microwires-147	SEEG	µV	n/a	n/a	400	amygdala_left	Microwire local field potential: one microwire of the Behnke-Fried micro inner-wire bundle (8 microwires per hybrid depth electrode, Ad-Tech Medical), locally referenced within the bundle; LFP series acquisition/LFPs of the source NWB (spike potentials removed and downsampled to 400 Hz by the authors)	147.0	16
NLX-microwires-148	SEEG	µV	n/a	n/a	400	amygdala_left	Microwire local field potential: one microwire of the Behnke-Fried micro inner-wire bundle (8 microwires per hybrid depth electrode, Ad-Tech Medical), locally referenced within the bundle; LFP series acquisition/LFPs of the source NWB (spike potentials removed and downsampled to 400 Hz by the authors)	148.0	17
NLX-microwires-150	SEEG	µV	n/a	n/a	400	amygdala_left	Microwire local field potential: one microwire of the Behnke-Fried micro inner-wire bundle (8 microwires per hybrid depth electrode, Ad-Tech Medical), locally referenced within the bundle; LFP series acquisition/LFPs of the source NWB (spike potentials removed and downsampled to 400 Hz by the authors)	150.0	18
NLX-microwires-151	SEEG	µV	n/a	n/a	400	amygdala_left	Microwire local field potential: one microwire of the Behnke-Fried micro inner-wire bundle (8 microwires per hybrid depth electrode, Ad-Tech Medical), locally referenced within the bundle; LFP series acquisition/LFPs of the source NWB (spike potentials removed and downsampled to 400 Hz by the authors)	151.0	19
NLX-microwires-152	SEEG	µV	n/a	n/a	400	amygdala_left	Microwire local field potential: one microwire of the Behnke-Fried micro inner-wire bundle (8 microwires per hybrid depth electrode, Ad-Tech Medical), locally referenced within the bundle; LFP series acquisition/LFPs of the source NWB (spike potentials removed and downsampled to 400 Hz by the authors)	152.0	20
NLX-microwires-153	SEEG	µV	n/a	n/a	400	hippocampus_left	Microwire local field potential: one microwire of the Behnke-Fried micro inner-wire bundle (8 microwires per hybrid depth electrode, Ad-Tech Medical), locally referenced within the bundle; LFP series acquisition/LFPs of the source NWB (spike potentials removed and downsampled to 400 Hz by the authors)	153.0	21
NLX-microwires-154	SEEG	µV	n/a	n/a	400	hippocampus_left	Microwire local field potential: one microwire of the Behnke-Fried micro inner-wire bundle (8 microwires per hybrid depth electrode, Ad-Tech Medical), locally referenced within the bundle; LFP series acquisition/LFPs of the source NWB (spike potentials removed and downsampled to 400 Hz by the authors)	154.0	22
NLX-microwires-155	SEEG	µV	n/a	n/a	400	hippocampus_left	Microwire local field potential: one microwire of the Behnke-Fried micro inner-wire bundle (8 microwires per hybrid depth electrode, Ad-Tech Medical), locally referenced within the bundle; LFP series acquisition/LFPs of the source NWB (spike potentials removed and downsampled to 400 Hz by the authors)	155.0	23
NLX-microwires-156	SEEG	µV	n/a	n/a	400	hippocampus_left	Microwire local field potential: one microwire of the Behnke-Fried micro inner-wire bundle (8 microwires per hybrid depth electrode, Ad-Tech Medical), locally referenced within the bundle; LFP series acquisition/LFPs of the source NWB (spike potentials removed and downsampled to 400 Hz by the authors)	156.0	24
NLX-microwires-157	SEEG	µV	n/a	n/a	400	hippocampus_left	Microwire local field potential: one microwire of the Behnke-Fried micro inner-wire bundle (8 microwires per hybrid depth electrode, Ad-Tech Medical), locally referenced within the bundle; LFP series acquisition/LFPs of the source NWB (spike potentials removed and downsampled to 400 Hz by the authors)	157.0	25
NLX-microwires-158	SEEG	µV	n/a	n/a	400	hippocampus_left	Microwire local field potential: one microwire of the Behnke-Fried micro inner-wire bundle (8 microwires per hybrid depth electrode, Ad-Tech Medical), locally referenced within the bundle; LFP series acquisition/LFPs of the source NWB (spike potentials removed and downsampled to 400 Hz by the authors)	158.0	26
NLX-microwires-159	SEEG	µV	n/a	n/a	400	hippocampus_left	Microwire local field potential: one microwire of the Behnke-Fried micro inner-wire bundle (8 microwires per hybrid depth electrode, Ad-Tech Medical), locally referenced within the bundle; LFP series acquisition/LFPs of the source NWB (spike potentials removed and downsampled to 400 Hz by the authors)	159.0	27
NLX-microwires-160	SEEG	µV	n/a	n/a	400	hippocampus_left	Microwire local field potential: one microwire of the Behnke-Fried micro inner-wire bundle (8 microwires per hybrid depth electrode, Ad-Tech Medical), locally referenced within the bundle; LFP series acquisition/LFPs of the source NWB (spike potentials removed and downsampled to 400 Hz by the authors)	160.0	28
NLX-microwires-162	SEEG	µV	n/a	n/a	400	dorsal_anterior_cingulate_cortex_right	Microwire local field potential: one microwire of the Behnke-Fried micro inner-wire bundle (8 microwires per hybrid depth electrode, Ad-Tech Medical), locally referenced within the bundle; LFP series acquisition/LFPs of the source NWB (spike potentials removed and downsampled to 400 Hz by the authors)	162.0	30
NLX-microwires-163	SEEG	µV	n/a	n/a	400	dorsal_anterior_cingulate_cortex_right	Microwire local field potential: one microwire of the Behnke-Fried micro inner-wire bundle (8 microwires per hybrid depth electrode, Ad-Tech Medical), locally referenced within the bundle; LFP series acquisition/LFPs of the source NWB (spike potentials removed and downsampled to 400 Hz by the authors)	163.0	31
NLX-microwires-164	SEEG	µV	n/a	n/a	400	dorsal_anterior_cingulate_cortex_right	Microwire local field potential: one microwire of the Behnke-Fried micro inner-wire bundle (8 microwires per hybrid depth electrode, Ad-Tech Medical), locally referenced within the bundle; LFP series acquisition/LFPs of the source NWB (spike potentials removed and downsampled to 400 Hz by the authors)	164.0	32
NLX-microwires-165	SEEG	µV	n/a	n/a	400	dorsal_anterior_cingulate_cortex_right	Microwire local field potential: one microwire of the Behnke-Fried micro inner-wire bundle (8 microwires per hybrid depth electrode, Ad-Tech Medical), locally referenced within the bundle; LFP series acquisition/LFPs of the source NWB (spike potentials removed and downsampled to 400 Hz by the authors)	165.0	33
NLX-microwires-166	SEEG	µV	n/a	n/a	400	dorsal_anterior_cingulate_cortex_right	Microwire local field potential: one microwire of the Behnke-Fried micro inner-wire bundle (8 microwires per hybrid depth electrode, Ad-Tech Medical), locally referenced within the bundle; LFP series acquisition/LFPs of the source NWB (spike potentials removed and downsampled to 400 Hz by the authors)	166.0	34
NLX-microwires-167	SEEG	µV	n/a	n/a	400	dorsal_anterior_cingulate_cortex_right	Microwire local field potential: one microwire of the Behnke-Fried micro inner-wire bundle (8 microwires per hybrid depth electrode, Ad-Tech Medical), locally referenced within the bundle; LFP series acquisition/LFPs of the source NWB (spike potentials removed and downsampled to 400 Hz by the authors)	167.0	35
NLX-microwires-168	SEEG	µV	n/a	n/a	400	dorsal_anterior_cingulate_cortex_right	Microwire local field potential: one microwire of the Behnke-Fried micro inner-wire bundle (8 microwires per hybrid depth electrode, Ad-Tech Medical), locally referenced within the bundle; LFP series acquisition/LFPs of the source NWB (spike potentials removed and downsampled to 400 Hz by the authors)	168.0	36
NLX-microwires-177	SEEG	µV	n/a	n/a	400	amygdala_right	Microwire local field potential: one microwire of the Behnke-Fried micro inner-wire bundle (8 microwires per hybrid depth electrode, Ad-Tech Medical), locally referenced within the bundle; LFP series acquisition/LFPs of the source NWB (spike potentials removed and downsampled to 400 Hz by the authors)	177.0	37
NLX-microwires-178	SEEG	µV	n/a	n/a	400	amygdala_right	Microwire local field potential: one microwire of the Behnke-Fried micro inner-wire bundle (8 microwires per hybrid depth electrode, Ad-Tech Medical), locally referenced within the bundle; LFP series acquisition/LFPs of the source NWB (spike potentials removed and downsampled to 400 Hz by the authors)	178.0	38
NLX-microwires-179	SEEG	µV	n/a	n/a	400	amygdala_right	Microwire local field potential: one microwire of the Behnke-Fried micro inner-wire bundle (8 microwires per hybrid depth electrode, Ad-Tech Medical), locally referenced within the bundle; LFP series acquisition/LFPs of the source NWB (spike potentials removed and downsampled to 400 Hz by the authors)	179.0	39
NLX-microwires-180	SEEG	µV	n/a	n/a	400	amygdala_right	Microwire local field potential: one microwire of the Behnke-Fried micro inner-wire bundle (8 microwires per hybrid depth electrode, Ad-Tech Medical), locally referenced within the bundle; LFP series acquisition/LFPs of the source NWB (spike potentials removed and downsampled to 400 Hz by the authors)	180.0	40
NLX-microwires-181	SEEG	µV	n/a	n/a	400	amygdala_right	Microwire local field potential: one microwire of the Behnke-Fried micro inner-wire bundle (8 microwires per hybrid depth electrode, Ad-Tech Medical), locally referenced within the bundle; LFP series acquisition/LFPs of the source NWB (spike potentials removed and downsampled to 400 Hz by the authors)	181.0	41
NLX-microwires-182	SEEG	µV	n/a	n/a	400	amygdala_right	Microwire local field potential: one microwire of the Behnke-Fried micro inner-wire bundle (8 microwires per hybrid depth electrode, Ad-Tech Medical), locally referenced within the bundle; LFP series acquisition/LFPs of the source NWB (spike potentials removed and downsampled to 400 Hz by the authors)	182.0	42
NLX-microwires-184	SEEG	µV	n/a	n/a	400	amygdala_right	Microwire local field potential: one microwire of the Behnke-Fried micro inner-wire bundle (8 microwires per hybrid depth electrode, Ad-Tech Medical), locally referenced within the bundle; LFP series acquisition/LFPs of the source NWB (spike potentials removed and downsampled to 400 Hz by the authors)	184.0	43
NLX-microwires-185	SEEG	µV	n/a	n/a	400	hippocampus_right	Microwire local field potential: one microwire of the Behnke-Fried micro inner-wire bundle (8 microwires per hybrid depth electrode, Ad-Tech Medical), locally referenced within the bundle; LFP series acquisition/LFPs of the source NWB (spike potentials removed and downsampled to 400 Hz by the authors)	185.0	44
NLX-microwires-186	SEEG	µV	n/a	n/a	400	hippocampus_right	Microwire local field potential: one microwire of the Behnke-Fried micro inner-wire bundle (8 microwires per hybrid depth electrode, Ad-Tech Medical), locally referenced within the bundle; LFP series acquisition/LFPs of the source NWB (spike potentials removed and downsampled to 400 Hz by the authors)	186.0	45
NLX-microwires-188	SEEG	µV	n/a	n/a	400	hippocampus_right	Microwire local field potential: one microwire of the Behnke-Fried micro inner-wire bundle (8 microwires per hybrid depth electrode, Ad-Tech Medical), locally referenced within the bundle; LFP series acquisition/LFPs of the source NWB (spike potentials removed and downsampled to 400 Hz by the authors)	188.0	46
NLX-microwires-189	SEEG	µV	n/a	n/a	400	hippocampus_right	Microwire local field potential: one microwire of the Behnke-Fried micro inner-wire bundle (8 microwires per hybrid depth electrode, Ad-Tech Medical), locally referenced within the bundle; LFP series acquisition/LFPs of the source NWB (spike potentials removed and downsampled to 400 Hz by the authors)	189.0	47
NLX-microwires-190	SEEG	µV	n/a	n/a	400	hippocampus_right	Microwire local field potential: one microwire of the Behnke-Fried micro inner-wire bundle (8 microwires per hybrid depth electrode, Ad-Tech Medical), locally referenced within the bundle; LFP series acquisition/LFPs of the source NWB (spike potentials removed and downsampled to 400 Hz by the authors)	190.0	48
NLX-microwires-191	SEEG	µV	n/a	n/a	400	hippocampus_right	Microwire local field potential: one microwire of the Behnke-Fried micro inner-wire bundle (8 microwires per hybrid depth electrode, Ad-Tech Medical), locally referenced within the bundle; LFP series acquisition/LFPs of the source NWB (spike potentials removed and downsampled to 400 Hz by the authors)	191.0	49
NLX-microwires-192	SEEG	µV	n/a	n/a	400	hippocampus_right	Microwire local field potential: one microwire of the Behnke-Fried micro inner-wire bundle (8 microwires per hybrid depth electrode, Ad-Tech Medical), locally referenced within the bundle; LFP series acquisition/LFPs of the source NWB (spike potentials removed and downsampled to 400 Hz by the authors)	192.0	50
NLX-microwires-201	SEEG	µV	n/a	n/a	400	ventral_medial_prefrontal_cortex_right	Microwire local field potential: one microwire of the Behnke-Fried micro inner-wire bundle (8 microwires per hybrid depth electrode, Ad-Tech Medical), locally referenced within the bundle; LFP series acquisition/LFPs of the source NWB (spike potentials removed and downsampled to 400 Hz by the authors)	201.0	51
NLX-microwires-202	SEEG	µV	n/a	n/a	400	ventral_medial_prefrontal_cortex_right	Microwire local field potential: one microwire of the Behnke-Fried micro inner-wire bundle (8 microwires per hybrid depth electrode, Ad-Tech Medical), locally referenced within the bundle; LFP series acquisition/LFPs of the source NWB (spike potentials removed and downsampled to 400 Hz by the authors)	202.0	52
NLX-microwires-203	SEEG	µV	n/a	n/a	400	ventral_medial_prefrontal_cortex_right	Microwire local field potential: one microwire of the Behnke-Fried micro inner-wire bundle (8 microwires per hybrid depth electrode, Ad-Tech Medical), locally referenced within the bundle; LFP series acquisition/LFPs of the source NWB (spike potentials removed and downsampled to 400 Hz by the authors)	203.0	53
NLX-microwires-204	SEEG	µV	n/a	n/a	400	ventral_medial_prefrontal_cortex_right	Microwire local field potential: one microwire of the Behnke-Fried micro inner-wire bundle (8 microwires per hybrid depth electrode, Ad-Tech Medical), locally referenced within the bundle; LFP series acquisition/LFPs of the source NWB (spike potentials removed and downsampled to 400 Hz by the authors)	204.0	54
NLX-microwires-205	SEEG	µV	n/a	n/a	400	ventral_medial_prefrontal_cortex_right	Microwire local field potential: one microwire of the Behnke-Fried micro inner-wire bundle (8 microwires per hybrid depth electrode, Ad-Tech Medical), locally referenced within the bundle; LFP series acquisition/LFPs of the source NWB (spike potentials removed and downsampled to 400 Hz by the authors)	205.0	55
NLX-microwires-206	SEEG	µV	n/a	n/a	400	ventral_medial_prefrontal_cortex_right	Microwire local field potential: one microwire of the Behnke-Fried micro inner-wire bundle (8 microwires per hybrid depth electrode, Ad-Tech Medical), locally referenced within the bundle; LFP series acquisition/LFPs of the source NWB (spike potentials removed and downsampled to 400 Hz by the authors)	206.0	56
NLX-microwires-207	SEEG	µV	n/a	n/a	400	ventral_medial_prefrontal_cortex_right	Microwire local field potential: one microwire of the Behnke-Fried micro inner-wire bundle (8 microwires per hybrid depth electrode, Ad-Tech Medical), locally referenced within the bundle; LFP series acquisition/LFPs of the source NWB (spike potentials removed and downsampled to 400 Hz by the authors)	207.0	57
NLX-microwires-208	SEEG	µV	n/a	n/a	400	ventral_medial_prefrontal_cortex_right	Microwire local field potential: one microwire of the Behnke-Fried micro inner-wire bundle (8 microwires per hybrid depth electrode, Ad-Tech Medical), locally referenced within the bundle; LFP series acquisition/LFPs of the source NWB (spike potentials removed and downsampled to 400 Hz by the authors)	208.0	58
NLX-microwires-217	SEEG	µV	n/a	n/a	400	ventral_medial_prefrontal_cortex_left	Microwire local field potential: one microwire of the Behnke-Fried micro inner-wire bundle (8 microwires per hybrid depth electrode, Ad-Tech Medical), locally referenced within the bundle; LFP series acquisition/LFPs of the source NWB (spike potentials removed and downsampled to 400 Hz by the authors)	217.0	59
NLX-microwires-218	SEEG	µV	n/a	n/a	400	ventral_medial_prefrontal_cortex_left	Microwire local field potential: one microwire of the Behnke-Fried micro inner-wire bundle (8 microwires per hybrid depth electrode, Ad-Tech Medical), locally referenced within the bundle; LFP series acquisition/LFPs of the source NWB (spike potentials removed and downsampled to 400 Hz by the authors)	218.0	60
NLX-microwires-219	SEEG	µV	n/a	n/a	400	ventral_medial_prefrontal_cortex_left	Microwire local field potential: one microwire of the Behnke-Fried micro inner-wire bundle (8 microwires per hybrid depth electrode, Ad-Tech Medical), locally referenced within the bundle; LFP series acquisition/LFPs of the source NWB (spike potentials removed and downsampled to 400 Hz by the authors)	219.0	61
NLX-microwires-220	SEEG	µV	n/a	n/a	400	ventral_medial_prefrontal_cortex_left	Microwire local field potential: one microwire of the Behnke-Fried micro inner-wire bundle (8 microwires per hybrid depth electrode, Ad-Tech Medical), locally referenced within the bundle; LFP series acquisition/LFPs of the source NWB (spike potentials removed and downsampled to 400 Hz by the authors)	220.0	62
NLX-microwires-221	SEEG	µV	n/a	n/a	400	ventral_medial_prefrontal_cortex_left	Microwire local field potential: one microwire of the Behnke-Fried micro inner-wire bundle (8 microwires per hybrid depth electrode, Ad-Tech Medical), locally referenced within the bundle; LFP series acquisition/LFPs of the source NWB (spike potentials removed and downsampled to 400 Hz by the authors)	221.0	63
NLX-microwires-222	SEEG	µV	n/a	n/a	400	ventral_medial_prefrontal_cortex_left	Microwire local field potential: one microwire of the Behnke-Fried micro inner-wire bundle (8 microwires per hybrid depth electrode, Ad-Tech Medical), locally referenced within the bundle; LFP series acquisition/LFPs of the source NWB (spike potentials removed and downsampled to 400 Hz by the authors)	222.0	64
NLX-microwires-224	SEEG	µV	n/a	n/a	400	ventral_medial_prefrontal_cortex_left	Microwire local field potential: one microwire of the Behnke-Fried micro inner-wire bundle (8 microwires per hybrid depth electrode, Ad-Tech Medical), locally referenced within the bundle; LFP series acquisition/LFPs of the source NWB (spike potentials removed and downsampled to 400 Hz by the authors)	224.0	66
